{"0": [0.006527876850852359, 0.009711207935378373, 2.111573426063288, 0.006216672584725475, 0.01081227698879125, 2.1355514383011625], "1": [0.0042925857451925654, 0.0037588802299887095, 1.8392824986716043, 0.004291404282057418, 0.0037518963492926744, 1.8376891518207492], "2": [0.002715291096009584, 0.0083053395097359, 1.332645395616341, 0.0027868498623929367, 0.007951077095321151, 1.3357741511255539], "3": [0.0014857758679865543, 0.010855136595311394, 3.356687484098794, 0.0015847152750499533, 0.010452347399308084, 3.3373456309138616], "4": [0.00916338024441644, 0.015085875932075948, 1.3039647975218454, 0.009418431146079528, 0.014617541943576486, 1.2836503703925164], "5": [0.008986858043910551, 0.0036031363781975825, 3.4389726542001395, 0.008900756404482893, 0.003624130428043425, 3.4498981744708828], "6": [0.006015846134042035, 0.005629891550478142, 2.6778423494176247, 0.005917587433168457, 0.0061462061125104285, 2.674646987500713], "7": [0.0012369331073230146, 0.011049511005595111, 2.8148149969775442, 0.0012514157401367495, 0.010956775430774331, 2.810440595403215], "8": [0.003344267230786813, 0.008043224470525842, 1.1837953820711409, 0.0033145799527146106, 0.008050885348596507, 1.1902119401215026], "9": [0.001501606158026363, 0.012998644194920007, 3.0633971232733277, 0.0014442889329567227, 0.013157040613917306, 3.0826280756700704], "10": [0.007004474795393254, 0.008510178683051142, 3.1193944848216963, 0.007145832511210869, 0.007876615180220153, 3.1128374859540124], "11": [0.0015789059296625698, 0.00810430165554715, 1.1883336759060863, 0.0016137773902819637, 0.007897691231437885, 1.1940396221951421], "12": [0.00024272741102233112, 0.011674152951073803, 1.5032072304630026, 0.0002732717766574445, 0.01152859874673019, 1.5123779827227786], "13": [0.009786740258580954, 0.013649874235489868, 3.43400393340305, 0.009328815454794545, 0.01581696465834105, 3.4261093079497087], "14": [0.0017241374223346023, 0.012184804160869143, 2.207608217571044, 0.0017393452366167655, 0.012111362617170818, 2.1962595657280737], "15": [0.008839649712555643, 0.014820784621212979, 3.315515165404612, 0.008976594838505726, 0.014267547747280448, 3.27446780602739], "16": [0.001988138586807839, 0.016174943296332286, 1.9008036020307966, 0.0020266847268928753, 0.015982469846456477, 1.8958083058727957], "17": [0.0003059569127113005, 0.012193899472301317, 3.110565963106765, 0.00017177517835516615, 0.01284839076037022, 3.183262103632017], "18": [0.00560102591838469, 0.01028814628049616, 1.6834165856810124, 0.005337636920574361, 0.011558687662671475, 1.691529842785289], "19": [0.009376481851429534, 0.0028818795444812075, 1.5926072571738452, 0.00905566408147477, 0.004873914597452932, 1.5769343540163152], "20": [0.0033317705821168217, 0.012124396897860663, 3.047726616650631, 0.00335379217962953, 0.01211285660037413, 3.0251761200060594], "21": [0.008815806825676663, 0.0034971497778380194, 3.053937865154008, 0.008874116762351045, 0.00350761675726331, 3.0373729928049795], "22": [0.00482685663532152, 0.016406769512579206, 2.6257269852435616, 0.004740647917338128, 0.0165, 2.6394854571783344], "23": [0.008337865882401128, 0.0065453809270954715, 3.431160873928916, 0.008222866011245621, 0.007224094642254173, 3.4321320740379386], "24": [0.00046426448815598724, 0.005728968698177514, 2.5287881712390408, 0.00044368323360178424, 0.005803939785985852, 2.5247977582300654], "25": [0.007901945749043003, 0.010479643195382209, 2.4385369580615945, 0.007825611648788918, 0.010672378605178239, 2.4539060053158854], "26": [0.000980930317086241, 0.0040324705871244305, 1.8615827732123627, 0.0009990803086765009, 0.003986249629971934, 1.8622383170688246], "27": [0.00465123693956315, 0.012115780796168396, 1.3660541443070522, 0.004781315436277267, 0.011522914167605631, 1.370504999499891], "28": [0.008992061875815123, 0.0035307804687931188, 2.6326569493201912, 0.009242464142938247, 0.0029785395644600214, 2.6747416505408474], "29": [0.001366626273590834, 0.013775816760132963, 2.23475552371969, 0.0013388852012130325, 0.0140309232392432, 2.2361485401974686], "30": [0.0019287654274431265, 0.014288649716164926, 1.1167422892821899, 0.0019660750821285087, 0.014304923704338262, 1.1068894690977125], "31": [0.00045744946683681456, 0.0031555462192057963, 1.517137021640148, 0.0004589017815597038, 0.0031858424313560827, 1.5136575280868902], "32": [0.006298531774840172, 0.01124868783132656, 1.9851681286307215, 0.006270828281860535, 0.010901037909281363, 2.00821309011745], "33": [0.0041029769619762265, 0.0058100877092582244, 2.428965531369456, 0.005746529890909491, 0.008804625760570717, 3.4998532728902383], "34": [0.004632724412834231, 0.0019566066117803157, 2.136266197917961, 0.004611611867493864, 0.002139385982293295, 2.1268189984778436], "35": [0.007958769308227915, 0.0035834559607402523, 2.954068584307012, 0.00831964790889645, 0.00228778329865085, 2.9376681400286446], "36": [9.583950892011231e-05, 0.016451514472796424, 2.6921171684131253, 8.917558242837075e-05, 0.01639954825961197, 2.69392886905598], "37": [0.003405610674054261, 0.0041191086522203895, 1.2278179915948289, 0.003352995219906535, 0.004279345996229717, 1.2288612017484741], "38": [0.007917667228768605, 0.006496540148758944, 2.897078822802592, 0.008074621284062073, 0.006267926701947833, 2.868627761651335], "39": [0.007508304993439283, 0.010331195671003296, 3.2228479474703104, 0.007407292776779972, 0.010699442120334617, 3.216863492272008], "40": [0.0022024261343603995, 0.007085201856641506, 2.6751272266888684, 0.0021897128838413212, 0.007100784532869905, 2.682353156096217], "41": [0.0009872648106675098, 0.0024670154966298092, 2.7119423751340017, 0.0010083280253408442, 0.002431450228102969, 2.700797228704773], "42": [0.0002639361582233309, 0.00785214230617401, 1.2083090738330822, 0.0002910227184507805, 0.007726773051992084, 1.209682926158679], "43": [0.00020971092606783412, 0.010839200079996522, 3.2889866763527187, 0.0002195761970504757, 0.010869988961197537, 3.290662210699632], "44": [0.0018588846308486887, 0.011240790523507764, 1.875481304860855, 0.0017532061347078072, 0.011641801447121706, 1.8798033983760658], "45": [0.005442555362916562, 0.006943079358084069, 1.2469711908725194, 0.0056336450232074035, 0.006195144765810269, 1.2454045520091237], "46": [0.008319941285538486, 0.00708814444825419, 2.009026709251004, 0.008472460350035215, 0.006179967819417274, 2.011711318680128], "47": [0.005913970088431731, 0.004691013180535874, 3.136403964314074, 0.006059366745416931, 0.0039261221497295055, 3.1406287809443567], "48": [0.0052110368988897765, 0.007303241005136517, 2.2483950787848332, 0.005377315161132899, 0.0067148376822364405, 2.243667732124906], "49": [0.006582239815894971, 0.013370231320597769, 2.3573021872400135, 0.006799023707252407, 0.012450395894807129, 2.3438908812647443], "50": [0.007680823654008869, 0.006963368224899032, 2.2029577419818986, 0.007799267202716143, 0.006777395048875354, 2.1920744073792804], "51": [0.009762742511853327, 0.009060866603062642, 2.158117270235432, 0.01, 0.007891692286878442, 2.0992335739755976], "52": [0.003961834657823339, 0.002129403371908443, 3.0758928119953755, 0.003963498003286701, 0.0021783480048143257, 3.0649396959861788], "53": [0.005727047833323173, 0.00709304506687674, 3.219606205540898, 0.005468315424451827, 0.008108610173112901, 3.2463442288317137], "54": [0.00016739041415560647, 0.008137455791485351, 2.4980391614664437, 0.00011269100128926639, 0.00835245405373925, 2.5114349126609614], "55": [0.006603220822892918, 0.014064117179942378, 1.7404451637211236, 0.006732649471890998, 0.014175534404492228, 1.715900541177485], "56": [0.008037703363311817, 0.004230780974191215, 1.3713696389554288, 0.008034174245306048, 0.004042479119258739, 1.3751532181021626], "57": [0.009976274102847155, 0.01207587138044277, 2.3096510203740896, 0.01, 0.010061147003971573, 2.235171028784265], "58": [0.005370274841690079, 0.00508383720557786, 1.6293040622518218, 0.005407762741937807, 0.004810761007709503, 1.6336933686954807],