{
    "0": [
        0.03181267989635638,
        0.014883582572011403,
        0.035,
        0.0165
    ],
    "1": [
        0.0013520888557409943,
        0.002844511881499582,
        0.001352065621903376,
        0.0028445830299900577
    ],
    "2": [
        0.01545275835132011,
        0.014892793622070877,
        0.015608927233611361,
        0.013894606427351474
    ],
    "3": [
        0.022922532964916885,
        0.01016414046208495,
        0.022329689660537368,
        0.014762092230819496
    ],
    "4": [
        0.018736763881494332,
        0.007692871511408227,
        0.017826508787933425,
        0.013993504761644716
    ],
    "5": [
        0.03009974064280607,
        0.005874357784488889,
        0.035,
        0.0165
    ],
    "6": [
        0.007140528657852891,
        0.013923212475731502,
        0.007139472329049469,
        0.013926172921762877
    ],
    "7": [
        0.033608521594237516,
        0.01468922649483243,
        0.03309059694408079,
        0.01623615336811787
    ],
    "8": [
        0.013966333657245616,
        0.004248145250200767,
        0.01383332646729061,
        0.005068832387146278
    ],
    "9": [
        0.008904422928814944,
        0.008365518526341901,
        0.008904667895512693,
        0.008363521472971385
    ],
    "10": [
        0.023578352412476713,
        0.014191299825328811,
        0.023342857179735166,
        0.014945549437967977
    ],
    "11": [
        0.008547088185072403,
        0.015698172246536125,
        0.008540803202551002,
        0.015723735544826024
    ],
    "12": [
        0.023581137803486384,
        0.002790898382730567,
        0.022071444109339644,
        0.013957015665034234
    ],
    "13": [
        0.03390975170046215,
        0.0021397914440549315,
        0.035,
        0.0165
    ],
    "14": [
        0.004544525734027049,
        0.016403934614943237,
        0.004544767523410533,
        0.01640230759626743
    ],
    "15": [
        0.008949803905401104,
        0.005035965180398684,
        0.00894962051000584,
        0.0050365381660995535
    ],
    "16": [
        0.01547787396473207,
        0.013927485865699451,
        0.015479842146795673,
        0.013911153637531308
    ],
    "17": [
        0.02332626501086584,
        0.0029327899937809663,
        0.021918351014345774,
        0.014462067020834534
    ],
    "18": [
        0.023511926957138392,
        0.008116616806142887,
        0.02277965496922432,
        0.014607671120809561
    ],
    "19": [
        0.022854520832619334,
        0.009617181782846488,
        0.02219774893931919,
        0.014769997311619983
    ],
    "20": [
        0.03464177918804162,
        0.002425835537575512,
        0.035,
        0.0165
    ],
    "21": [
        0.03042096075325337,
        0.0024897089237812154,
        0.02862158224093933,
        0.015263103846647906
    ],
    "22": [
        0.004607840765215339,
        0.00626325388106513,
        0.004607818271028612,
        0.006263404211343273
    ],
    "23": [
        0.025031802531887054,
        0.007744539262296278,
        0.02437124682396345,
        0.0149824257830045
    ],
    "24": [
        0.0003633899489757005,
        0.013329851811043458,
        0.0003633744549111877,
        0.01332992914621143
    ],
    "25": [
        0.023924577058099833,
        0.00736098513712633,
        0.02286849392493428,
        0.014757480986494603
    ],
    "26": [
        0.003453598107858576,
        0.014042473710889151,
        0.0034530858731942476,
        0.014045138938923396
    ],
    "27": [
        0.014578784686775838,
        0.007524946223551429,
        0.01457360540478988,
        0.007551411304621541
    ],
    "28": [
        0.030288618821033574,
        0.012034137880771109,
        0.035,
        0.0165
    ],
    "29": [
        0.00802195952588826,
        0.009648708905922133,
        0.00802193942900282,
        0.00964876842036733
    ],
    "30": [
        0.03092117141023485,
        0.014114263406675726,
        0.035,
        0.0165
    ],
    "31": [
        0.034315417881291645,
        0.012064896078995949,
        0.035,
        0.0165
    ],
    "32": [
        0.02401125311533944,
        0.0022321681503112917,
        0.02232588421469873,
        0.014643034508348671
    ],
    "33": [
        0.029084899991683563,
        0.0019686533079478863,
        0.027776001385957132,
        0.015259071654161651
    ],
    "34": [
        0.01047377636556649,
        0.014524293676607979,
        0.010665211567706912,
        0.013205873220785614
    ],
    "35": [
        0.02453671479445434,
        0.012049826705132563,
        0.024217467401207452,
        0.015063869747531666
    ],
    "36": [
        0.00783388339447464,
        0.013314913639792798,
        0.007834209803312455,
        0.013313885478401804
    ],
    "37": [
        0.0022239573072913277,
        0.008653475170920195,
        0.002223829209340223,
        0.008654091314683511
    ],
    "38": [
        0.007851024869810257,
        0.016119093118027117,
        0.007851470883266197,
        0.016112840041045403
    ],
    "39": [
        0.014153556160143146,
        0.008226304429079376,
        0.01415267847277468,
        0.008229286045969135
    ],
    "40": [
        0.01578091198426808,
        0.013484220130211352,
        0.01577282659242684,
        0.01353582365092859
    ],
    "41": [
        0.015876669497138153,
        0.010681780993123871,
        0.01587680489829973,
        0.010679535572061626
    ],
    "42": [
        0.008330044633693237,
        0.011765347080761657,
        0.008329868373502847,
        0.011766421795319499
    ],
    "43": [
        0.03269094895867676,
        0.0164057828684353,
        0.035,
        0.0165
    ],
    "44": [
        0.0005607957330871115,
        0.008440526745018415,
        0.0005607804392188366,
        0.008440608838447477
    ],
    "45": [
        0.006950672601865742,
        0.012974510189270018,
        0.006981465498556474,
        0.012806774267127273
    ],
    "46": [
        0.022019638153603544,
        0.0034629186371202877,
        0.022017549835865187,
        0.003468356437838805
    ],
    "47": [
        0.004172299555273806,
        0.013267110850149593,
        0.00417220063026004,
        0.013267611330015746
    ],
    "48": [
        0.008068713616843014,
        0.006926061701513399,
        0.008068692293973214,
        0.006926041852148114
    ],
    "49": [
        0.024008756862795914,
        0.015401517877451126,
        0.024053214331794495,
        0.015130349472266246
    ],
    "50": [
        0.0024952737438793298,
        0.0031267406509351493,
        0.002494835513158194,
        0.0031280225328796127
    ],
    "51": [
        0.022761942090559328,
        0.011479049019181524,
        0.022404764624386207,
        0.01481412263629475
    ],
    "52": [
        0.02570033350830462,
        0.013197152510297516,
        0.02583597363949753,
        0.015266959662027403
    ],
    "53": [
        0.010398559354336307,
        0.009616745102287733,
        0.010409607666988148,
        0.009575616624158224
    ],
    "54": [
        0.004560971435788815,
        0.016161784693822734,
        0.005189033613989362,
        0.01259922258652943
    ],
    "55": [
        0.007904501396853416,
        0.0101938975245918,
        0.007903771873953344,
        0.010194193126591493
    ],
    "56": [
        0.034247250673537885,
        0.012123937975820615,
        0.035,
        0.0165
    ],
    "57": [
        0.020083249229075714,
        0.00399892391369699,
        0.020084558342045897,
        0.003987620850956681
    ],
    "58": [
        0.020059568089091755,
        0.005354122225630276,
        0.01897955528999285,
        0.014278793787545608
    ],
    "59": [
        0.029120698786147568,
        0.007519772944218205,
        0.028203178084555816,
        0.015384749743645714
    ],