{"0": [0.004465913850768073, 0.00810630801789987, 2.8088559887565894, 0.004463399780099357, 0.008114929800623106, 2.8091253795789934], "1": [0.013091433254675553, 0.0077310158086971335, 2.702514403682506, 0.035, 0.0019100693216786062, 1.0], "2": [0.009470351006677591, 0.005577062915647982, 3.4415616804544586, 0.035, 0.0019383288236221525, 1.0], "3": [0.009919375582800875, 0.0023837619942170115, 1.8074987059759011, 0.009919338945024546, 0.0023834893888086063, 1.8074967782434712], "4": [0.02811678453302747, 0.008306163628561307, 2.2549362291811925, 0.035, 0.0019, 1.0], "5": [0.025387224505223252, 0.01375544808092855, 1.6188063390051242, 0.035, 0.0019, 1.0], "6": [0.019002332329331694, 0.008637700978751519, 2.5522433832760734, 0.035, 0.0019, 1.0], "7": [0.026384162212307462, 0.010215249440776635, 3.381270691607042, 0.035, 0.0019, 1.0], "8": [0.027363122542917822, 0.015838187962229425, 2.560626086918084, 0.035, 0.0019, 1.0], "9": [0.018951432052313078, 0.011338527321388016, 2.4709352884773095, 0.035, 0.0019, 1.0], "10": [0.006957465934685251, 0.0024963513473107942, 1.8505121946433651, 0.0069566501551723775, 0.002500469559178891, 1.8504854807378424], "11": [0.017407885509172914, 0.010915338473393568, 1.1232162259023684, 0.020471186461723696, 0.002050694217815235, 1.0], "12": [0.03348103174007436, 0.008692400967054599, 2.971313941270626, 0.035, 0.0019, 1.0], "13": [0.014148286967145688, 0.008224320813635876, 1.3776688973240145, 0.0197316071797376, 0.0019, 1.0000078564245634], "14": [0.02303399251314161, 0.012022925695063158, 2.486142013160454, 0.035, 0.0019, 1.0], "15": [0.020405830684051968, 0.013626932714309266, 2.0315659789422273, 0.035, 0.0019, 1.0], "16": [0.027383553735224872, 0.012098126794860099, 2.506523917632955, 0.035, 0.0019, 1.0], "17": [0.015060433329141785, 0.01606969519275794, 1.0314945040726156, 0.015550556813904763, 0.015542618663086294, 1.000037175945034], "18": [0.002872936265868797, 0.014962988061785224, 1.5268600915644615, 0.0028730794272267264, 0.01496195027640487, 1.5268483256790502], "19": [0.016095208151116883, 0.016186847283941746, 1.058055117354512, 0.01702853278927103, 0.015076871637185603, 1.000027884765474], "20": [0.030900647922468376, 0.003552948226833725, 2.7952384476696137, 0.035, 0.0019, 1.0], "21": [0.032527896200275006, 0.006234539844814123, 2.9928891441902126, 0.035, 0.0019, 1.0], "22": [0.023853348805817538, 0.009277456018466109, 2.0100968265288883, 0.035, 0.0019, 1.0], "23": [0.030812962043385426, 0.015527333585627847, 1.9397276595391857, 0.035, 0.0019, 1.0], "24": [0.017734227661133764, 0.015427753129391661, 2.605894540335984, 0.035, 0.0019, 1.0], "25": [0.011858860577472598, 0.011829520655913722, 2.1415145083077913, 0.026277953220916004, 0.0019, 1.0000224044860064], "26": [0.0054315226697768185, 0.015800256545869244, 1.9549045133268943, 0.005430432487488161, 0.015810079011070156, 1.954878120894965], "27": [0.034081473776464255, 0.004280338931128952, 2.4399401136569336, 0.035, 0.0019, 1.0], "28": [0.012481962726264069, 0.008122003809793454, 1.75537027260829, 0.021908847952988256, 0.0019, 1.0000347108331427], "29": [0.0146387032481168, 0.01292012150763984, 2.402749432280533, 0.035, 0.0019, 1.0], "30": [0.01547832236212449, 0.013799642600120017, 1.5342190633275392, 0.024166495365614386, 0.0019, 1.000008457581254], "31": [0.0026767141684168366, 0.008210921993046294, 1.0002215805431476, 0.00267704070937685, 0.008212881778730058, 1.0000017431799544], "32": [0.032780383709044604, 0.006885279573630429, 1.7424095295372137, 0.035, 0.0019, 1.0], "33": [0.004738196826741826, 0.01006573615635078, 3.479459248305481, 0.035, 0.0165, 1.0], "34": [0.013981270020509563, 0.013438838436614232, 2.7701465173152853, 0.035, 0.0019, 1.0], "35": [0.00987767361094775, 0.009229262621585079, 2.801961654239794, 0.035, 0.001914045058519069, 1.0], "36": [0.03182531237612054, 0.014994785130314619, 1.4885406654930868, 0.035, 0.0019, 1.0], "37": [0.02910146204134421, 0.0039461202537264635, 2.5001080483188907, 0.035, 0.0019, 1.0], "38": [0.00848175726978147, 0.013174629225878146, 3.274074066156961, 0.035, 0.0019273732859297732, 1.0], "39": [0.011936598342754392, 0.007962949098709192, 1.2581337172938292, 0.015363242355246963, 0.00450944447620832, 1.0005497162065946], "40": [0.020537525207110618, 0.01025134882433964, 1.2615728335363494, 0.025573977553576523, 0.0019, 1.0], "41": [0.01114958942748719, 0.01563274009820322, 2.5329373878119332, 0.035, 0.0019, 1.0], "42": [0.01475887498121737, 0.003919017845013805, 1.7940666848331837, 0.024485291003863784, 0.0019, 1.0], "43": [0.02203672766131189, 0.0023607750853143887, 2.031150804966999, 0.035, 0.0019, 1.0], "44": [0.008331436381620379, 0.01507705992387, 2.5382777937571714, 0.0349852925969553, 0.0019023371929391974, 1.0], "45": [0.0274823221141072, 0.013050475410311527, 2.400093664089335, 0.035, 0.0019, 1.0], "46": [0.008333433843020458, 0.003825937300514305, 2.611452994012663, 0.035, 0.0019, 1.0], "47": [0.0061529929666366045, 0.007176613604252822, 2.5699696584173313, 0.006152586928888363, 0.007174501066348972, 2.570115724007438], "48": [0.01784353466048877, 0.013795119635207355, 1.2327771192112502, 0.02283364894309887, 0.0019480087378389204, 1.0], "49": [0.032333902164623264, 0.007715047381468807, 2.17478866409565, 0.035, 0.0019, 1.0], "50": [0.002333120487920676, 0.011846797090426242, 2.0398641128035644, 0.0023331830156249973, 0.011845733326816082, 2.039828838725303], "51": [0.028834375185013653, 0.005184980600703643, 1.699046923799226, 0.035, 0.0019, 1.0], "52": [0.01420956963199288, 0.00952365657330713, 2.748853739126711, 0.035, 0.001910004372547463, 1.0], "53": [0.02618817430049353, 0.007650692236596118, 1.0303407213940832, 0.027336396132496624, 0.0019, 1.0], "54": [0.0033033191410689177, 0.006470069811754556, 1.8938619715296403, 0.003303374917923385, 0.006470219588538727, 1.8939130849833143], "55": [0.02018434239709252, 0.013101836328928435, 2.757006329121075, 0.035, 0.0019, 1.0], "56": [0.025500826916579625, 0.011267250232997367, 3.383585617803095, 0.035, 0.0019, 1.0], "57": [0.027690748504020524, 0.008678439631891707, 3.2777061888405035, 0.035, 0.0019, 1.0], "58": [0.017093806094224367, 0.010297209677074586, 2.678288982554239, 0.035, 0.0019, 1.0], "59": [0.0026027250897290547, 0.013094027107025384, 2.76479617033878, 0.002602964962070285, 0.01309198288137968, 2.7646877118512228], "60": [0.02711376979755926, 0.01066755221677995, 1.2804160251419519, 0.034981998898104695, 0.0019, 1.0], "61": [0.02467946774166901, 0.0024435003800400406, 1.3376056769756643, 0.02994585183400961, 0.0019, 1.0], "62": [0.016906538274217627, 0.013762106747708279, 2.8537007776624095, 0.035, 0.0019, 1.0], "63": [0.033655019101790584, 0.009905048047203649, 1.23201275007974, 0.035, 0.0019, 1.0], "64": [0.016977507119326152, 0.010130881534190967, 2.8706485784499405, 0.035, 0.001910044548336591, 1.0], "65": [0.008281884305114937, 0.005814893164073068, 2.140666044400203, 0.008281242953558332, 0.0058155759962720335, 2.1405751515310483], "66": [0.022582327045388106, 0.011107950553419522, 1.7472153566718862, 0.035, 0.0019, 1.0], "67": [0.031121450132879012, 0.00800741037112683, 2.5741752167180136, 0.035, 0.0019, 1.0], "68": [0.02268551280401356, 0.012433755377753241, 1.4238038602142236, 0.03495891603525028, 0.0019, 1.0], "69": [0.024269630099741177, 0.003745277581046791, 1.8484580695029469, 0.035, 0.0019, 1.0], "70": [0.021276583430953747, 0.003129554322032933, 1.3593397055755267, 0.02654650426505104, 0.0019, 1.0000014037910598], "71": [0.024226639781025495, 0.012645310969361275, 1.5259166610094577, 0.035, 0.0019, 1.0], "72": [0.007663440788826815, 0.016488825597278677, 3.106892804487988, 0.035, 0.0019215740186133744, 1.0], "73": [0.020142883751055406, 0.010905211593837304, 1.7501375397703611, 0.034981203276470155, 0.0019, 1.0], "74": [0.030255148092320227, 0.011242653535555383, 1.1554626511638086, 0.035, 0.0019, 1.0], "75": [0.014875751528712676, 0.015574171555616917, 2.0754400962706376, 0.03498147352123079, 0.0019, 1.0],