{"0": [0.00925060744237036, 0.0037798672384287977, 2.9849990758681626, 0.009250965584376688, 0.0037803119010716008, 2.985140324372885], "1": [0.008798247882371053, 0.007094258400000306, 2.670521560777634, 0.008905858380962898, 0.007209619631752888, 2.704275779570425], "2": [0.00503562116817014, 0.0069356927731552736, 1.4409700873479638, 0.005035718758661033, 0.0069352976385846045, 1.440963643323624], "3": [0.0007826089646211857, 0.012163248699920779, 1.732255040981734, 0.0007825991918676119, 0.012163300003192245, 1.7322584520180673], "4": [0.008141953838311507, 0.015566058636366644, 1.2356114587136318, 0.008140783229350143, 0.01557053985975535, 1.2353344012111052], "5": [0.005999612583108547, 0.012703809771784563, 1.4613642138049026, 0.005999701259694561, 0.012704110894507094, 1.461346386524608], "6": [0.0017911456341868314, 0.006485831749797243, 2.739225215541152, 0.001791019559858471, 0.006486240415070315, 2.739204991545323], "7": [0.003443430455801411, 0.0055839736112344735, 2.586206784485571, 0.0034434043283097173, 0.005583986571379174, 2.586195818106759], "8": [0.005329224172744377, 0.00997194066850009, 1.4779341968951476, 0.0053292245486623755, 0.009971988401731326, 1.4779455919797888], "9": [0.007817126946414555, 0.009930423159235922, 1.1474664020872871, 0.00781720591048613, 0.009930872640257262, 1.1474560102390863], "10": [0.0054251676089394, 0.009247751971839989, 3.2064991853964226, 0.00542510175386537, 0.009248168913647544, 3.206530980919714], "11": [0.007840894525839111, 0.005023875597075146, 1.9641527404559977, 0.00784159097745054, 0.005019363583959615, 1.9641231255407252], "12": [0.0011511457617656739, 0.0074707679259068795, 3.4283945316424256, 0.0011511864610233805, 0.007470504231021797, 3.428349586128111], "13": [0.002612760836796321, 0.005277515093859296, 1.759326008208785, 0.0026127312290162383, 0.005277621511288983, 1.7593237079599386], "14": [0.0007084177631007413, 0.007061157329764977, 3.2566255549031506, 0.000708402012990257, 0.0070611834666742986, 3.2566158629900146], "15": [0.0024911811990474793, 0.013171268375150596, 3.103149282930803, 0.002491092010252784, 0.013171697623790725, 3.1031394228277107], "16": [0.0024078088156380562, 0.005474866908526602, 1.3796683819410942, 0.002408037600456086, 0.0054737576704358085, 1.3796737185883152], "17": [0.008840433641314868, 0.00935470815290051, 3.421644699939026, 0.008825868041892936, 0.009348804113796941, 3.4168786379924323], "18": [0.002477847333520535, 0.0034405418873189094, 2.3964557911834694, 0.0024781097347637165, 0.003439836102316636, 2.39654199824414], "19": [0.005617561391445349, 0.015583363935876489, 1.8110126190195521, 0.005617534781334575, 0.015581935453912692, 1.810998699364013], "20": [0.002070354419337703, 0.007604973721190248, 3.4871756163625043, 0.0020702973378451876, 0.00760486922731869, 3.4871123145403096], "21": [0.005061716215786694, 0.014928750562954857, 3.133375570124641, 0.006492332118642645, 0.004738346267143933, 2.960084297829583], "22": [0.0014853635083077268, 0.005788007084384541, 1.7583952563101826, 0.0014853682147749321, 0.0057879540439398705, 1.7583909967539326], "23": [0.0036013109727757366, 0.014785949052249685, 1.3832203694429637, 0.0036009234113263894, 0.01478766581165807, 1.383208003333736], "24": [0.004512988816589382, 0.00963130632684731, 1.7674936603925007, 0.004511846132365415, 0.009638755173697444, 1.7676577535681632], "25": [0.002235647822378481, 0.008071870904415966, 3.181212614973343, 0.0022355630797717273, 0.00807244474946364, 3.1812956422116474], "26": [0.00719550352093665, 0.00213884261700646, 1.5914859929218574, 0.007195900358442734, 0.00213768125351775, 1.5915137335118512], "27": [0.0018320327759861368, 0.008601243103532153, 3.074295745422273, 0.0020529331074961837, 0.009866896495033504, 3.4999990711992552], "28": [0.0004067763120752978, 0.003162351129643467, 1.8233840513347668, 0.00040675461153090133, 0.003162421376430604, 1.8233880354857381], "29": [0.002160938193662198, 0.006286404325241638, 3.476142569965332, 0.0021609195639334055, 0.006285940592370691, 3.4759829205217376], "30": [0.0009676908322932221, 0.009733499446922016, 2.921449892616076, 0.0009677054634496837, 0.009733362371103386, 2.921443556406801], "31": [0.004342720018951128, 0.005975315236676775, 1.480799377755502, 0.004342684415758205, 0.005975521610004894, 1.4808025379505527], "32": [0.006146752913274475, 0.009246336346315073, 2.692379036178865, 0.0061470196817592125, 0.009246988342588908, 2.6925255975945768], "33": [0.00746650868244231, 0.004559862310102897, 2.045347330771091, 0.0074677240345722385, 0.004556132310929589, 2.0453065931118495], "34": [0.009362733014622685, 0.00547222403483865, 1.946845231592355, 0.00936238831363458, 0.005474425814648901, 1.9467852566261374], "35": [0.0008613803742798758, 0.011832689878003198, 1.3723511335091652, 0.0008610883006469843, 0.011832891525443942, 1.3724118431793784], "36": [0.0029849815107309925, 0.01593350539963053, 1.283732353005972, 0.0029857745454413623, 0.01593014753410421, 1.2838079964868343], "37": [0.009075282016184448, 0.010748159357199789, 1.341378901753664, 0.00908399289837654, 0.010706578309024477, 1.3415577543921047], "38": [0.007823196560812071, 0.01582544350049734, 2.2717051017721817, 0.007822377947104744, 0.015823779380477063, 2.271470922300579], "39": [0.0015522546312505636, 0.00919536083692254, 2.8046821609926296, 0.0015522705469702427, 0.009195674713618958, 2.804767095155123], "40": [0.005708290694871013, 0.006504805446088859, 1.639725691104688, 0.005706481899517106, 0.006507385726635051, 1.6394992086114701], "41": [0.005368915788375506, 0.006794938230312406, 1.2861348286540657, 0.0053690529377239, 0.006794130835867481, 1.2861275506397303], "42": [0.002570606921251571, 0.013513959765360887, 1.1662547729744963, 0.002570331672923349, 0.013515507280692658, 1.1662438385292335], "43": [0.009589307409981214, 0.009364245143150405, 1.58867270346188, 0.009589352273285955, 0.009362111174929856, 1.5887155567384368], "44": [7.927625040616315e-05, 0.012368329671097474, 1.9772719133726255, 7.924944047191926e-05, 0.012368523860919784, 1.977275485681097], "45": [0.007367430270599883, 0.00910017430410974, 1.6394260631966153, 0.007367571590239818, 0.009101842270732846, 1.639609223397694], "46": [0.00022915239500646782, 0.002435165463502236, 1.8304417186184083, 0.00022914797163970846, 0.0024351697787688203, 1.8304474948611626], "47": [0.0075777113913920785, 0.006549765058665823, 2.4786140997519097, 0.007573978467055221, 0.006503095503458526, 2.4751553691744697], "48": [0.0014682636539576266, 0.009753671593965205, 2.1838091990655135, 0.0014682653000076028, 0.009753789009932907, 2.183842892393551], "49": [0.00913506182124983, 0.01211608772276867, 2.7691383345294294, 0.009141311686037042, 0.012113921620762993, 2.7703897763686265], "50": [0.006500146471876398, 0.0070560611478431646, 2.16322714879281, 0.006500004475357394, 0.007056373865421195, 2.163217744823521], "51": [0.0014569792250147347, 0.012318471155900207, 3.3632129007849008, 0.001456911791382712, 0.012318746148431542, 3.3632549765327395], "52": [0.004718075682361295, 0.0021706469051116836, 1.9756221832368883, 0.004717964344934308, 0.0021708371800932356, 1.9756041480093633], "53": [0.009371038434684965, 0.008423434423464661, 1.1450557527434713, 0.01, 0.011278626933555849, 1.0003738494673344], "54": [0.00402719567241864, 0.007803018266843264, 1.6618821881339085, 0.004027258201504763, 0.007802546406523917, 1.661871406792663], "55": [0.0029124546766405445, 0.007149760190348142, 2.9144545515503335, 0.0029125731702186208, 0.0071490613933414705, 2.9144149092834755], "56": [0.001086620041600015, 0.008528032921816343, 2.07082131868112, 0.0010867084254017802, 0.00852872607483357, 2.070948386792238], "57": [0.0027256432540549084, 0.0033736196621264062, 1.6051651587109488, 0.0027256190741044434, 0.003373750217225822, 1.605163198464216], "58": [0.0042946776593184265, 0.010719030071531441, 2.626560885868074, 0.004364927645671833, 0.010927551876534769, 2.674321248078823],