{
    "0": [
        0.01405291230185296,
        0.014965100750184085,
        0.014052525298510185,
        0.014969204522123003
    ],
    "1": [
        0.012839331440081501,
        0.0026841116614990087,
        0.012835428575313654,
        0.0026878095653838207
    ],
    "2": [
        0.004822240635322549,
        0.004336980378583925,
        0.00482219004243614,
        0.00433707588572598
    ],
    "3": [
        0.0020015532982342477,
        0.013672715879358668,
        0.0020015396317663798,
        0.013672756531614821
    ],
    "4": [
        0.021790929378880334,
        0.004592034847511998,
        0.02178079184769283,
        0.00480034200263326
    ],
    "5": [
        0.006372336257496012,
        0.015676834397685,
        0.006371547298900035,
        0.01568070041674915
    ],
    "6": [
        0.029421679054765268,
        0.006021983181214655,
        0.028228997478811434,
        0.015505280239835079
    ],
    "7": [
        0.021555874624679325,
        0.0026866488016076676,
        0.020005606686470768,
        0.014108696021637277
    ],
    "8": [
        0.01816174122664897,
        0.008708700046301048,
        0.017359046170671234,
        0.014014267941826725
    ],
    "9": [
        0.028037182095417106,
        0.011019067962181326,
        0.027386782640707964,
        0.015377772222146658
    ],
    "10": [
        0.011144963323435118,
        0.006221534471264398,
        0.011144751234873622,
        0.006222374615090072
    ],
    "11": [
        0.03204240095683857,
        0.007986488505500062,
        0.03130153572708549,
        0.01591781269647655
    ],
    "12": [
        0.02446756013514559,
        0.013747930765246335,
        0.02431929195180856,
        0.015079291728336663
    ],
    "13": [
        0.026400151782494115,
        0.010882770935279593,
        0.025822556076205854,
        0.015063672904715473
    ],
    "14": [
        0.0014440940582026167,
        0.012883043386095798,
        0.001443890170739119,
        0.012883916511383191
    ],
    "15": [
        0.033646242753306084,
        0.007604888252820732,
        0.035,
        0.0165
    ],
    "16": [
        0.02018769935593562,
        0.01585013908349454,
        0.02037131449654423,
        0.014528718786756208
    ],
    "17": [
        0.0036733290728749074,
        0.0081144449222505,
        0.00367330247048156,
        0.00811455446301067
    ],
    "18": [
        0.019339900333344845,
        0.003466955071170294,
        0.019334277450836667,
        0.0035150817834713427
    ],
    "19": [
        0.015176305119190277,
        0.01539056099768082,
        0.015390541278838422,
        0.013756981926095818
    ],
    "20": [
        0.005379510727583593,
        0.015027237890700316,
        0.005379495184837884,
        0.015027295409886782
    ],
    "21": [
        0.029523159957558973,
        0.0051238209598399465,
        0.02864315334739996,
        0.015386207341476159
    ],
    "22": [
        0.00039459671453235997,
        0.012435489493574552,
        0.00039459469795851727,
        0.012435354823489867
    ],
    "23": [
        0.012924576037253725,
        0.0062287246677335,
        0.012906678249635426,
        0.006338298310533165
    ],
    "24": [
        0.007377256503269968,
        0.012681595400799318,
        0.007391199058804441,
        0.012608353522759795
    ],
    "25": [
        0.01567117102929255,
        0.007117048428801313,
        0.01566224601541408,
        0.007204141238569528
    ],
    "26": [
        0.03450601584099365,
        0.013986599623810577,
        0.035,
        0.0165
    ],
    "27": [
        0.023729368162846466,
        0.010585764300699983,
        0.023132209554099344,
        0.014789796871543638
    ],
    "28": [
        0.03455271845988856,
        0.014339727615009665,
        0.035,
        0.0165
    ],
    "29": [
        0.03327682041382529,
        0.009946547149794841,
        0.03286332508378022,
        0.0161712028564635
    ],
    "30": [
        0.003113585717270059,
        0.015691429822040918,
        0.003113448570090035,
        0.015692114396885858
    ],
    "31": [
        0.03368678872216707,
        0.01644571914277346,
        0.033400905361189004,
        0.01629514956788064
    ],
    "32": [
        0.019395717714967498,
        0.0022449164195676146,
        0.0182003086072561,
        0.010552214835738179
    ],
    "33": [
        0.02560763814326571,
        0.015789433361516697,
        0.02539482036093798,
        0.015096217102976393
    ],
    "34": [
        0.01652719409839295,
        0.007633767732419529,
        0.016526815932469394,
        0.007626128107918663
    ],
    "35": [
        0.025225486257928514,
        0.005966105575037502,
        0.024172863106238545,
        0.015020144060443035
    ],
    "36": [
        0.02029328448322612,
        0.0036834663116223606,
        0.01888708482314449,
        0.014098164844412734
    ],
    "37": [
        0.011930166637978407,
        0.010715015397510184,
        0.011931550921310043,
        0.010703197404036057
    ],
    "38": [
        0.019517264576784325,
        0.00210712377798575,
        0.01952962027134997,
        0.0019
    ],
    "39": [
        0.014843703140493452,
        0.008313602274357623,
        0.014053995853825935,
        0.013467686844343902
    ],
    "40": [
        0.022111107912108137,
        0.013171755794838563,
        0.021882379336534825,
        0.01469632351084049
    ],
    "41": [
        0.03420655957689227,
        0.0032547197648159013,
        0.035,
        0.0165
    ],
    "42": [
        0.027346040048074595,
        0.004805645597697539,
        0.02615065557631973,
        0.015244806936733992
    ],
    "43": [
        0.00838422478537885,
        0.009985930780776624,
        0.008384291007155343,
        0.009985157041672922
    ],
    "44": [
        0.016700521160629846,
        0.003539026665456968,
        0.016702173130108636,
        0.0035207838145975283
    ],
    "45": [
        0.023311898972015202,
        0.006364124660319016,
        0.02243273840146475,
        0.014082927458974133
    ],
    "46": [
        0.02404409340180365,
        0.013822318080046124,
        0.023908587083624123,
        0.015029327606331572
    ],
    "47": [
        0.0032607766083872104,
        0.0036901067508204946,
        0.0032607683414538264,
        0.003690288728253422
    ],
    "48": [
        0.012435223793363079,
        0.008137667071298843,
        0.01243688500601297,
        0.008140372853014048
    ],
    "49": [
        0.00663885300212359,
        0.015025333016581181,
        0.006638132289191469,
        0.015028946690039515
    ]
}