{
    "0": [
        0.026804687048074524,
        0.008525447004578728,
        0.026403981900037406,
        0.015273737065197196
    ],
    "1": [
        0.03276088366007451,
        0.004716664345844693,
        0.035,
        0.0165
    ],
    "2": [
        0.023944016733504315,
        0.004754253124119913,
        0.022580418427372323,
        0.014684887124227986
    ],
    "3": [
        0.027971997140968645,
        0.002633207585501167,
        0.02614938150675985,
        0.015278289879722526
    ],
    "4": [
        0.019705670302632552,
        0.009594159978926292,
        0.019022214866090813,
        0.014279857651436806
    ],
    "5": [
        0.018939268098926293,
        0.011065678018798939,
        0.01858439162876844,
        0.014228500380466502
    ],
    "6": [
        0.03289060060590226,
        0.007606453350326977,
        0.035,
        0.0165
    ],
    "7": [
        0.032566840990113755,
        0.008506562260647943,
        0.035,
        0.0165
    ],
    "8": [
        0.007364011752898156,
        0.0068576775451868405,
        0.007363988604197038,
        0.006857751750920934
    ],
    "9": [
        0.008838613873703546,
        0.014463348929768038,
        0.009069874871966177,
        0.012890649318219602
    ],
    "10": [
        0.010718232013870857,
        0.007067332958117701,
        0.01071800879430696,
        0.0070679956418627145
    ],
    "11": [
        0.02902389566235452,
        0.016075459619360327,
        0.02973179826919517,
        0.015822765670265585
    ],
    "12": [
        0.012310854658124083,
        0.0035034916204153364,
        0.012304802059358896,
        0.003520533359458151
    ],
    "13": [
        0.020462807571084186,
        0.007427128844812189,
        0.01953875582061267,
        0.014316160354370644
    ],
    "14": [
        0.03246245920396038,
        0.0022350046778988174,
        0.03045874426383755,
        0.01555433737314843
    ],
    "15": [
        0.021246284155659954,
        0.0031040486813023256,
        0.0212405847298948,
        0.0031496444147719217
    ],
    "16": [
        0.01017284901527259,
        0.015348183640910394,
        0.010172748198144985,
        0.015375944254388568
    ],
    "17": [
        0.0035771976477785737,
        0.01351561492537691,
        0.0035778335037337673,
        0.013511813103893542
    ],
    "18": [
        0.0029469457552124844,
        0.008080947224748456,
        0.0029469165177409156,
        0.00808108246897025
    ],
    "19": [
        0.0017482935169022729,
        0.003490187963105492,
        0.0017482676767001904,
        0.0034902999065357866
    ],
    "20": [
        0.013112181654631263,
        0.0024748793766219248,
        0.013100328465543822,
        0.002536133592024014
    ],
    "21": [
        0.022622290852706766,
        0.011252640931218572,
        0.022178404818153002,
        0.014734328844633085
    ],
    "22": [
        0.010174653106575842,
        0.00940150333697846,
        0.010174859487345733,
        0.009399409743896579
    ],
    "23": [
        0.03476277090581198,
        0.011928788166675763,
        0.035,
        0.0165
    ],
    "24": [
        0.010037003425522821,
        0.007315351554897349,
        0.010035008953610404,
        0.007327918171561751
    ],
    "25": [
        0.013198302052956776,
        0.008153430849996568,
        0.013203664341219666,
        0.008126063036723762
    ],
    "26": [
        0.007928519069811683,
        0.009239821572186366,
        0.007928610640259978,
        0.009239333750028347
    ],
    "27": [
        0.011754739968572266,
        0.012551561425123745,
        0.01165173067966327,
        0.013197841417492731
    ],
    "28": [
        0.014335917147310178,
        0.01319805400039849,
        0.014267043939239792,
        0.01366384006013286
    ],
    "29": [
        0.013775212680840502,
        0.003697287678248149,
        0.012995381477510566,
        0.010786725296364331
    ],
    "30": [
        0.023659549772913627,
        0.006213984969956269,
        0.022736777853713017,
        0.014827448942183487
    ],
    "31": [
        0.00641576391298717,
        0.011390910442116086,
        0.006416551674441878,
        0.011388521422453354
    ],
    "32": [
        0.004118363098003699,
        0.013574761613594714,
        0.004117345162419282,
        0.0135782707100562
    ],
    "33": [
        0.024277959394009608,
        0.0023089119032173376,
        0.02286085633047861,
        0.014199036159486417
    ],
    "34": [
        0.003909166105119239,
        0.0019078416635927389,
        0.0039089475395414275,
        0.0019086631594447355
    ],
    "35": [
        0.025681251477255234,
        0.0037789162441220327,
        0.02417976227904368,
        0.014910791696793721
    ],
    "36": [
        0.025844204965539293,
        0.010107469313608631,
        0.025233490334513983,
        0.01518177765503339
    ],
    "37": [
        0.006683443886208256,
        0.006118183949201893,
        0.00668332030309454,
        0.006118602405926389
    ],
    "38": [
        0.0157285105428205,
        0.011730530218988337,
        0.01547028273317919,
        0.013682498342901007
    ],
    "39": [
        0.025347469259005342,
        0.016042082148948356,
        0.02558914454744179,
        0.015255804022365399
    ],
    "40": [
        0.03399117367749389,
        0.010780910385533303,
        0.035,
        0.0165
    ],
    "41": [
        0.029680330992219506,
        0.01446975377628976,
        0.02970906496741421,
        0.015734843956276855
    ],
    "42": [
        0.0167063615268263,
        0.013755228153418259,
        0.01667051508290087,
        0.014022971279207092
    ],
    "43": [
        0.02067311999637707,
        0.008960463498693663,
        0.019893468092852962,
        0.014261173207746159
    ],
    "44": [
        0.031567785478151075,
        0.01229816484953565,
        0.03146786149227962,
        0.015989774765942072
    ],
    "45": [
        0.015386885658463243,
        0.008847144701897855,
        0.014702386855397957,
        0.01335445829984084
    ],
    "46": [
        0.029078810076019066,
        0.013896919062343974,
        0.035,
        0.0165
    ],
    "47": [
        0.017006337812081575,
        0.006418411308419031,
        0.016054072954695898,
        0.0137046851806466
    ],
    "48": [
        0.016264706786104068,
        0.006634472223576531,
        0.0162464296614914,
        0.006794487248371568
    ],
    "49": [
        0.012915746735612488,
        0.011250216117921572,
        0.012601402081851563,
        0.013403814500600335
    ],
    "50": [
        0.014178251295833971,
        0.002328472111137676,
        0.01415174473161382,
        0.002473379550195765
    ],
    "51": [
        0.014707757719764526,
        0.012896244744871903,
        0.014598683450583086,
        0.013730970808014378
    ],
    "52": [
        0.025035770958455387,
        0.005788573501961633,
        0.023808905863119484,
        0.014808374771007429
    ],
    "53": [
        0.0032420350749839378,
        0.011110123743947565,
        0.0032420822234706967,
        0.011109760168899058
    ],
    "54": [
        0.015843952889877683,
        0.005806186169483784,
        0.015835619359343904,
        0.00586329502725952
    ],
    "55": [
        0.015637305671009755,
        0.005440236132596724,
        0.014447964322619399,
        0.01331571154799985
    ],
    "56": [
        0.02954235596739732,
        0.004254276661838368,
        0.02821131421793177,
        0.015503885474641802
    ],
    "57": [
        0.0026785766296165666,
        0.013421000916172378,
        0.002678227410990592,
        0.013423150644336121
    ],
    "58": [
        0.029240534816380878,
        0.009001289196907134,
        0.028523598326326255,
        0.015630173544613782
    ],