{
    "0": [
        0.018317357586298415,
        0.004450704928449343,
        2.5707577353341016,
        0.035,
        0.0019,
        1.0
    ],
    "1": [
        0.020019871099222132,
        0.007076668804900159,
        3.3037061157694776,
        0.035,
        0.0019122647118156634,
        1.0
    ],
    "2": [
        0.015705400846670513,
        0.008868393698489433,
        2.19194221851122,
        0.035,
        0.0019,
        1.0
    ],
    "3": [
        0.005677099149230534,
        0.009552120728787845,
        2.6404649350205958,
        0.005672373333136753,
        0.009551313282364984,
        2.6388603969417885
    ],
    "4": [
        0.00775903471488944,
        0.010790930013943306,
        1.6226609866541026,
        0.0070483343623647795,
        0.016085804823282323,
        1.5486464097931063
    ],
    "5": [
        0.03014262264849302,
        0.011260690281469787,
        1.1942932518381433,
        0.035,
        0.0019,
        1.0
    ],
    "6": [
        0.012460832094891107,
        0.013862308245525578,
        2.7158423658782525,
        0.035,
        0.0019,
        1.0
    ],
    "7": [
        0.029509473642523303,
        0.01426056251722941,
        3.046594535445617,
        0.035,
        0.0019,
        1.0
    ],
    "8": [
        0.003241466110461759,
        0.0032066337281238325,
        2.312626053538419,
        0.003241429854758668,
        0.0032066626404221306,
        2.312581812197676
    ],
    "9": [
        0.030818319721446198,
        0.016311429658011127,
        2.349106952678211,
        0.035,
        0.0019,
        1.0
    ],
    "10": [
        0.021321519954045503,
        0.013975463221841396,
        2.41358985107333,
        0.035,
        0.0019,
        1.0
    ],
    "11": [
        0.030522154368958093,
        0.012764964077040013,
        2.0893330614305805,
        0.035,
        0.0019,
        1.0
    ],
    "12": [
        0.009482548798381328,
        0.006556634337968372,
        2.2236225419996893,
        0.00883434346611581,
        0.0049588188517847315,
        2.0273748110086345
    ],
    "13": [
        0.028103624432897274,
        0.00460675749932004,
        2.300037909826057,
        0.035,
        0.0019,
        1.0
    ],
    "14": [
        0.03185314545523697,
        0.007870903079062196,
        1.351429493981699,
        0.035,
        0.0019,
        1.0
    ],
    "15": [
        0.015324704981937299,
        0.014386344622419724,
        2.109244847241797,
        0.035,
        0.0019,
        1.0
    ],
    "16": [
        0.022398944226963317,
        0.0037393742942526354,
        2.6487605129052785,
        0.035,
        0.0019,
        1.0
    ],
    "17": [
        0.0037046219493631735,
        0.00931473878270879,
        1.232112028253208,
        0.003704650160947233,
        0.009314805040837917,
        1.2321190283022552
    ],
    "18": [
        0.03172996840274747,
        0.013715572766152616,
        3.149950292395803,
        0.035,
        0.0019,
        1.0
    ],
    "19": [
        0.02533050545672701,
        0.013782600747656068,
        2.3038628733789506,
        0.035,
        0.0019,
        1.0
    ]
}